"name","choice1","choice2","choice3","choice4","assignment1","assignment2","assignment3","assignment4"
"Gray, Andrew","BubbleMania","PicoPhonyZilch","ShapeCodes","Closeto20","PicoPhonyZilch","BubbleMania","ShapeCodes"
"Walker, Gordon","Salute","PicoPhonyZilch","100ChartPicture","BubbleMania","100ChartPicture","Salute","PicoPhonyZilch"
"Ross, Megan","ShapeCodes","BubbleMania","Measuring","PicoPhonyZilch","ShapeCodes","Measuring","BubbleMania"
"Ferguson, Stewart","PicoPhonyZilch","BubbleMania","PuzzleinaBag","MysteryNumber","PicoPhonyZilch","MysteryNumber","PuzzleinaBag"
"Hardacre, Richard","PicoPhonyZilch","BubbleMania","Measuring","RacetoaFlat","Measuring","PicoPhonyZilch","RacetoaFlat"
"Mitchell, Lily","BubbleMania","PuzzleinaBag","Closeto20","ShapeCodes","PuzzleinaBag","Closeto20","BubbleMania"
"Lyman, Edward","BubbleMania","SteppingStones","Measuring","100ChartPicture","Measuring","BubbleMania","SteppingStones"
"Butler, Penelope","BubbleMania","PuzzleinaBag","MysteryNumber","PicoPhonyZilch","PuzzleinaBag","MysteryNumber","BubbleMania"
"Buckland, Jessica","BubbleMania","PicoPhonyZilch","Closeto20","MysteryNumber","Closeto20","PicoPhonyZilch","BubbleMania"
"Gibson, Connor","MysteryNumber","100ChartPicture","BubbleMania","Closeto20","MysteryNumber","Closeto20","100ChartPicture"
"Brown, Cameron","BubbleMania","PicoPhonyZilch","RacetoaFlat","ShapeCodes","RacetoaFlat","BubbleMania","ShapeCodes"
"Paterson, Joanne","Closeto20","ShapeCodes","SteppingStones","Salute","ShapeCodes","Closeto20","SteppingStones"
"Hunter, Julian","MysteryNumber","ShapeCodes","100ChartPicture","BubbleMania","MysteryNumber","ShapeCodes","100ChartPicture"
"North, Madeleine","ShapeCodes","PicoPhonyZilch","SteppingStones","Salute","SteppingStones","ShapeCodes","Salute"
"Rutherford, Stephen","BubbleMania","PicoPhonyZilch","Closeto20","MysteryNumber","BubbleMania","PicoPhonyZilch","Closeto20"
"Young, Warren","Measuring","BubbleMania","100ChartPicture","PuzzleinaBag","100ChartPicture","Measuring","PuzzleinaBag"
"Davies, Luke","100ChartPicture","BubbleMania","PuzzleinaBag","Measuring","PuzzleinaBag","100ChartPicture","Measuring"
"Parr, Emily","ShapeCodes","PicoPhonyZilch","PuzzleinaBag","SteppingStones","ShapeCodes","SteppingStones","PuzzleinaBag"
"Hill, Eric","BubbleMania","SteppingStones","MysteryNumber","100ChartPicture","SteppingStones","MysteryNumber","BubbleMania"
"Cameron, Sean","BubbleMania","100ChartPicture","Closeto20","PuzzleinaBag","100ChartPicture","Closeto20","BubbleMania"
"Fisher, Connor","BubbleMania","MysteryNumber","100ChartPicture","Measuring","MysteryNumber","BubbleMania","100ChartPicture"
"Duncan, Carolyn","BubbleMania","ShapeCodes","Salute","PicoPhonyZilch","Salute","BubbleMania","ShapeCodes"
"Payne, Stewart","BubbleMania","RacetoaFlat","100ChartPicture","Measuring","BubbleMania","RacetoaFlat","100ChartPicture"
"Lee, Steven","BubbleMania","PuzzleinaBag","RacetoaFlat","100ChartPicture","PuzzleinaBag","RacetoaFlat","BubbleMania"
"Paige, Nicola","BubbleMania","100ChartPicture","RacetoaFlat","PuzzleinaBag","RacetoaFlat","100ChartPicture","BubbleMania"
"Smith, Virginia","PicoPhonyZilch","BubbleMania","RacetoaFlat","ShapeCodes","PicoPhonyZilch","ShapeCodes","RacetoaFlat"
"Oliver, Ella","ShapeCodes","PicoPhonyZilch","Measuring","SteppingStones","ShapeCodes","Measuring","SteppingStones"
"Coleman, Matt","PicoPhonyZilch","BubbleMania","Salute","Measuring","Measuring","PicoPhonyZilch","Salute"
"Smith, Katherine","BubbleMania","Salute","ShapeCodes","PicoPhonyZilch","ShapeCodes","BubbleMania","Salute"
"Avery, Megan","MysteryNumber","SteppingStones","BubbleMania","RacetoaFlat","SteppingStones","RacetoaFlat","MysteryNumber"
"Black, Charles","BubbleMania","MysteryNumber","RacetoaFlat","PuzzleinaBag","RacetoaFlat","MysteryNumber","BubbleMania"
"Taylor, Angela","MysteryNumber","PuzzleinaBag","Closeto20","PicoPhonyZilch","Closeto20","PuzzleinaBag","MysteryNumber"
"Peake, Molly","Salute","BubbleMania","PicoPhonyZilch","Closeto20","Salute","BubbleMania","Closeto20"
"Johnston, Robert","Salute","BubbleMania","MysteryNumber","PuzzleinaBag","PuzzleinaBag","Salute","MysteryNumber"
"Ball, Jane","100ChartPicture","MysteryNumber","BubbleMania","Closeto20","100ChartPicture","Closeto20","MysteryNumber"
"Piper, Paul","BubbleMania","PicoPhonyZilch","ShapeCodes","PuzzleinaBag","BubbleMania","PuzzleinaBag","ShapeCodes"
"Wilson, Lauren","PicoPhonyZilch","Salute","Closeto20","MysteryNumber","PicoPhonyZilch","Salute","Closeto20"
"Lee, Isaac","ShapeCodes","PicoPhonyZilch","Measuring","MysteryNumber","ShapeCodes","Measuring","PicoPhonyZilch"
"Marshall, Jack","BubbleMania","ShapeCodes","PicoPhonyZilch","100ChartPicture","BubbleMania","ShapeCodes","100ChartPicture"
"Manning, Amanda","BubbleMania","SteppingStones","Closeto20","Salute","BubbleMania","SteppingStones","Closeto20"
"Ball, Rose","PicoPhonyZilch","MysteryNumber","BubbleMania","SteppingStones","PicoPhonyZilch","MysteryNumber","SteppingStones"
"Howard, Heather","MysteryNumber","ShapeCodes","Measuring","PuzzleinaBag","MysteryNumber","ShapeCodes","Measuring"
"Berry, Michael","Salute","100ChartPicture","BubbleMania","Closeto20","Closeto20","100ChartPicture","Salute"
"Hudson, Oliver","PicoPhonyZilch","Closeto20","MysteryNumber","BubbleMania","MysteryNumber","Closeto20","PicoPhonyZilch"
"Rampling, Joseph","MysteryNumber","100ChartPicture","PuzzleinaBag","BubbleMania","PuzzleinaBag","MysteryNumber","100ChartPicture"
"Baker, Irene","BubbleMania","Salute","Closeto20","PicoPhonyZilch","BubbleMania","Closeto20","Salute"
"Taylor, Natalie","PicoPhonyZilch","MysteryNumber","BubbleMania","Salute","PicoPhonyZilch","Salute","MysteryNumber"
"Forsyth, Rachel","Salute","ShapeCodes","PuzzleinaBag","MysteryNumber","Salute","PuzzleinaBag","ShapeCodes"
"McGrath, Trevor","ShapeCodes","SteppingStones","Measuring","MysteryNumber","ShapeCodes","SteppingStones","Measuring"
"Mitchell, Lauren","100ChartPicture","BubbleMania","PuzzleinaBag","Salute","100ChartPicture","Salute","PuzzleinaBag"
"Clark, Audrey","PicoPhonyZilch","100ChartPicture","Salute","PuzzleinaBag","Salute","100ChartPicture","PicoPhonyZilch"
"Blake, Frank","Closeto20","BubbleMania","Salute","RacetoaFlat","Salute","Closeto20","RacetoaFlat"
"Bower, Amy","MysteryNumber","PicoPhonyZilch","Salute","BubbleMania","Salute","PicoPhonyZilch","MysteryNumber"
"Terry, Owen","BubbleMania","Salute","ShapeCodes","RacetoaFlat","ShapeCodes","BubbleMania","Salute"
"Murray, Abigail","BubbleMania","SteppingStones","Closeto20","100ChartPicture","BubbleMania","SteppingStones","Closeto20"
"Vaughan, Caroline","100ChartPicture","PicoPhonyZilch","MysteryNumber","BubbleMania","100ChartPicture","MysteryNumber","PicoPhonyZilch"
"Oliver, John","PicoPhonyZilch","Closeto20","100ChartPicture","ShapeCodes","Closeto20","100ChartPicture","PicoPhonyZilch"
"Hughes, Tim","Closeto20","BubbleMania","MysteryNumber","Measuring","Closeto20","MysteryNumber","Measuring"
"Forsyth, Karen","BubbleMania","Salute","ShapeCodes","Closeto20","BubbleMania","ShapeCodes","Salute"
"Mackay, Austin","PuzzleinaBag","Salute","ShapeCodes","RacetoaFlat","PuzzleinaBag","Salute","ShapeCodes"
"Glover, Steven","100ChartPicture","MysteryNumber","Measuring","ShapeCodes","100ChartPicture","Measuring","MysteryNumber"
"Graham, Abigail","BubbleMania","SteppingStones","PuzzleinaBag","PicoPhonyZilch","SteppingStones","BubbleMania","PuzzleinaBag"
"Knox, Olivia","PuzzleinaBag","Measuring","PicoPhonyZilch","Salute","Measuring","Salute","PuzzleinaBag"
"Turner, Neil","PicoPhonyZilch","BubbleMania","SteppingStones","Salute","Salute","PicoPhonyZilch","SteppingStones"
"Sharp, Hannah","PicoPhonyZilch","ShapeCodes","Salute","BubbleMania","PicoPhonyZilch","Salute","ShapeCodes"
"Tucker, Karen","ShapeCodes","100ChartPicture","RacetoaFlat","BubbleMania","100ChartPicture","ShapeCodes","RacetoaFlat"
"Edmunds, Paul","Closeto20","PuzzleinaBag","PicoPhonyZilch","BubbleMania","PuzzleinaBag","PicoPhonyZilch","Closeto20"
"Miller, Lisa","PicoPhonyZilch","Measuring","MysteryNumber","BubbleMania","Measuring","PicoPhonyZilch","MysteryNumber"
"James, Diane","MysteryNumber","BubbleMania","100ChartPicture","RacetoaFlat","RacetoaFlat","100ChartPicture","MysteryNumber"
"Davidson, Trevor","100ChartPicture","PuzzleinaBag","BubbleMania","PicoPhonyZilch","PuzzleinaBag","100ChartPicture","PicoPhonyZilch"
"Rutherford, Anne","SteppingStones","PuzzleinaBag","BubbleMania","MysteryNumber","MysteryNumber","SteppingStones","PuzzleinaBag"
"Miller, Luke","BubbleMania","Salute","SteppingStones","ShapeCodes","BubbleMania","SteppingStones","Salute"
"Butler, Tim","PicoPhonyZilch","MysteryNumber","BubbleMania","PuzzleinaBag","MysteryNumber","PicoPhonyZilch","PuzzleinaBag"
"Peters, Boris","100ChartPicture","Closeto20","MysteryNumber","Salute","Closeto20","MysteryNumber","100ChartPicture"
"Ince, Felicity","100ChartPicture","PicoPhonyZilch","Measuring","MysteryNumber","Measuring","100ChartPicture","PicoPhonyZilch"
"Arnold, Eric","PicoPhonyZilch","RacetoaFlat","SteppingStones","Measuring","PicoPhonyZilch","RacetoaFlat","SteppingStones"
"Tucker, Frank","ShapeCodes","SteppingStones","Closeto20","PicoPhonyZilch","SteppingStones","ShapeCodes","Closeto20"
"Ogden, Sonia","PicoPhonyZilch","100ChartPicture","Closeto20","Salute","100ChartPicture","Closeto20","PicoPhonyZilch"
"Gibson, Sarah","PicoPhonyZilch","PuzzleinaBag","SteppingStones","100ChartPicture","PicoPhonyZilch","PuzzleinaBag","SteppingStones"
"Smith, Richard","SteppingStones","Measuring","PuzzleinaBag","PicoPhonyZilch","Measuring","PuzzleinaBag","SteppingStones"
"Poole, Chloe","RacetoaFlat","Measuring","BubbleMania","100ChartPicture","RacetoaFlat","100ChartPicture","Measuring"
"Forsyth, Sue","Closeto20","Measuring","SteppingStones","BubbleMania","Measuring","SteppingStones","Closeto20"
"Bailey, Virginia","ShapeCodes","MysteryNumber","RacetoaFlat","Closeto20","MysteryNumber","RacetoaFlat","ShapeCodes"
"Sanderson, Piers","Salute","Closeto20","MysteryNumber","SteppingStones","MysteryNumber","Salute","Closeto20"
"Allan, Una","RacetoaFlat","SteppingStones","ShapeCodes","Measuring","ShapeCodes","SteppingStones","RacetoaFlat"
